city_id,avg_cancellation_rate_pct
1,3.791827016520894
2,3.69080035971223
3,3.8749908424908424
4,3.794990671641791
5,3.712970383275261
